{
    "1": [ 0.000000008313474, -0.457504697992871, -0.498332596934018],
    "2": [-0.457504688090739, 0.000000001044991, -0.498332606025928],
    "3": [ 0.457504707367877, -0.000000001538951, -0.498332588328147],
    "4": [ 0.000000010930540, 0.457504697462269, -0.498332597422198],
    "5": [-0.476408612458588, -0.476408610922762, -0.060955682815671],
    "6": [ 0.476408612087727, -0.476408613647110, -0.060955664421618],
    "7": [-0.476408609729237, 0.476408613587153, -0.060955683323375],
    "8": [ 0.476408614777912, 0.476408610896443, -0.060955664894326],
    "9": [ 0.000000000000000, 0.000000000000000, 0.000000000000000],
    "10": [-0.000000008711388, -0.568234184902239, 0.367091047237719],
    "11": [-0.568234192166382, 0.000000001823313, 0.367091035993276],
    "12": [ 0.568234177996321, -0.000000001422233, 0.367091057927650],
    "13": [-0.000000005495478, 0.568234185260464, 0.367091046683209],
    "14": [-0.000000013056679, 0.000000000330078, 0.676495325817996]
}
